"filename", "language", "Dart", "Python", "JSON", "HTML", "YAML", "C++", "XML", "Swift", "Markdown", "Kotlin", "comment", "blank", "total"
"/Users/omarragab/Projects/kutub_fm/android/app/build.gradle.kts", "Kotlin", 0, 0, 0, 0, 0, 0, 0, 0, 0, -32, -6, -7, -45
"/Users/omarragab/Projects/kutub_fm/android/app/google-services.json", "JSON", 0, 0, 54, 0, 0, 0, 0, 0, 0, 0, 0, 0, 54
"/Users/omarragab/Projects/kutub_fm/android/app/src/debug/AndroidManifest.xml", "XML", 0, 0, 0, 0, 0, 0, -4, 0, 0, 0, 4, 0, 0
"/Users/omarragab/Projects/kutub_fm/android/app/src/main/AndroidManifest.xml", "XML", 0, 0, 0, 0, 0, 0, 11, 0, 0, 0, 13, 3, 27
"/Users/omarragab/Projects/kutub_fm/android/app/src/main/kotlin/com/example/kutub_fm/MainActivity.kt", "Kotlin", 0, 0, 0, 0, 0, 0, 0, 0, 0, -4, 0, -3, -7
"/Users/omarragab/Projects/kutub_fm/android/app/src/main/res/drawable-v21/launch_background.xml", "XML", 0, 0, 0, 0, 0, 0, -7, 0, 0, 0, 7, 0, 0
"/Users/omarragab/Projects/kutub_fm/android/app/src/main/res/drawable/launch_background.xml", "XML", 0, 0, 0, 0, 0, 0, -7, 0, 0, 0, 7, 0, 0
"/Users/omarragab/Projects/kutub_fm/android/app/src/main/res/mipmap-anydpi-v26/launcher_icon.xml", "XML", 0, 0, 0, 0, 0, 0, 9, 0, 0, 0, 0, 1, 10
"/Users/omarragab/Projects/kutub_fm/android/app/src/main/res/values-night/styles.xml", "XML", 0, 0, 0, 0, 0, 0, -8, 0, 0, 0, 9, -1, 0
"/Users/omarragab/Projects/kutub_fm/android/app/src/main/res/values/colors.xml", "XML", 0, 0, 0, 0, 0, 0, 4, 0, 0, 0, 0, 0, 4
"/Users/omarragab/Projects/kutub_fm/android/app/src/main/res/values/strings.xml", "XML", 0, 0, 0, 0, 0, 0, 7, 0, 0, 0, 1, 2, 10
"/Users/omarragab/Projects/kutub_fm/android/app/src/main/res/values/styles.xml", "XML", 0, 0, 0, 0, 0, 0, -8, 0, 0, 0, 9, -1, 0
"/Users/omarragab/Projects/kutub_fm/android/app/src/profile/AndroidManifest.xml", "XML", 0, 0, 0, 0, 0, 0, -4, 0, 0, 0, 4, 0, 0
"/Users/omarragab/Projects/kutub_fm/android/build.gradle.kts", "Kotlin", 0, 0, 0, 0, 0, 0, 0, 0, 0, -21, 0, -4, -25
"/Users/omarragab/Projects/kutub_fm/android/build/reports/problems/problems-report.html", "HTML", 0, 0, 0, 548, 0, 0, 0, 0, 0, 0, 2, 114, 664
"/Users/omarragab/Projects/kutub_fm/android/settings.gradle.kts", "Kotlin", 0, 0, 0, 0, 0, 0, 0, 0, 0, -22, 0, -5, -27
"/Users/omarragab/Projects/kutub_fm/download_assets.py", "Python", 0, 20, 0, 0, 0, 0, 0, 0, 0, 0, 0, 5, 25
"/Users/omarragab/Projects/kutub_fm/firebase.json", "JSON", 0, 0, 41, 0, 0, 0, 0, 0, 0, 0, 0, 1, 42
"/Users/omarragab/Projects/kutub_fm/firebase_integration_status.md", "Markdown", 0, 0, 0, 0, 0, 0, 0, 0, 74, 0, 0, 21, 95
"/Users/omarragab/Projects/kutub_fm/fix_svgs.py", "Python", 0, 13, 0, 0, 0, 0, 0, 0, 0, 0, 1, 4, 18
"/Users/omarragab/Projects/kutub_fm/get_books.py", "Python", 0, 17, 0, 0, 0, 0, 0, 0, 0, 0, 0, 2, 19
"/Users/omarragab/Projects/kutub_fm/ios/Runner/AppDelegate.swift", "Swift", 0, 0, 0, 0, 0, 0, 0, 4, 0, 0, 0, 0, 4
"/Users/omarragab/Projects/kutub_fm/ios/Runner/Assets.xcassets/AppIcon.appiconset/Contents.json", "JSON", 0, 0, -121, 0, 0, 0, 0, 0, 0, 0, 0, -1, -122
"/Users/omarragab/Projects/kutub_fm/ios/Runner/Base.lproj/LaunchScreen.storyboard", "XML", 0, 0, 0, 0, 0, 0, -1, 0, 0, 0, 1, 0, 0
"/Users/omarragab/Projects/kutub_fm/ios/Runner/Base.lproj/Main.storyboard", "XML", 0, 0, 0, 0, 0, 0, -1, 0, 0, 0, 1, 0, 0
"/Users/omarragab/Projects/kutub_fm/lib/core/audio/audio_models.dart", "Dart", 17, 0, 0, 0, 0, 0, 0, 0, 0, 0, 0, 2, 19
"/Users/omarragab/Projects/kutub_fm/lib/core/audio/audio_navigation_helper.dart", "Dart", 7, 0, 0, 0, 0, 0, 0, 0, 0, 0, 0, 0, 7
"/Users/omarragab/Projects/kutub_fm/lib/core/audio/audio_provider.dart", "Dart", 277, 0, 0, 0, 0, 0, 0, 0, 0, 0, 4, 36, 317
"/Users/omarragab/Projects/kutub_fm/lib/core/dialogs/loading_dialog.dart", "Dart", 53, 0, 0, 0, 0, 0, 0, 0, 0, 0, 3, 6, 62
"/Users/omarragab/Projects/kutub_fm/lib/core/layout/app_shell.dart", "Dart", 1, 0, 0, 0, 0, 0, 0, 0, 0, 0, 0, 0, 1
"/Users/omarragab/Projects/kutub_fm/lib/core/layout/widgets/app_bottom_navigation_bar.dart", "Dart", 80, 0, 0, 0, 0, 0, 0, 0, 0, 0, 0, 10, 90
"/Users/omarragab/Projects/kutub_fm/lib/core/navigation/app_bottom_nav_tab.dart", "Dart", 22, 0, 0, 0, 0, 0, 0, 0, 0, 0, 0, 5, 27
"/Users/omarragab/Projects/kutub_fm/lib/core/navigation/app_navigation_state.dart", "Dart", 4, 0, 0, 0, 0, 0, 0, 0, 0, 0, 0, 2, 6
"/Users/omarragab/Projects/kutub_fm/lib/core/routes/app_routes.dart", "Dart", 121, 0, 0, 0, 0, 0, 0, 0, 0, 0, 0, 0, 121
"/Users/omarragab/Projects/kutub_fm/lib/core/services/firebase_facebook_auth_service.dart", "Dart", 165, 0, 0, 0, 0, 0, 0, 0, 0, 0, 0, 26, 191
"/Users/omarragab/Projects/kutub_fm/lib/core/storage/firebase_storage_url_resolver.dart", "Dart", 94, 0, 0, 0, 0, 0, 0, 0, 0, 0, 5, 22, 121
"/Users/omarragab/Projects/kutub_fm/lib/core/theme/app_theme.dart", "Dart", 10, 0, 0, 0, 0, 0, 0, 0, 0, 0, 0, 1, 11
"/Users/omarragab/Projects/kutub_fm/lib/core/validators/auth_validators.dart", "Dart", 157, 0, 0, 0, 0, 0, 0, 0, 0, 0, 2, 39, 198
"/Users/omarragab/Projects/kutub_fm/lib/core/widgets/kotob_fm_logo.dart", "Dart", 30, 0, 0, 0, 0, 0, 0, 0, 0, 0, 0, 5, 35
"/Users/omarragab/Projects/kutub_fm/lib/features/audio_library/presentation/pages/audio_library_screen.dart", "Dart", 923, 0, 0, 0, 0, 0, 0, 0, 0, 0, 40, 40, 1003
"/Users/omarragab/Projects/kutub_fm/lib/features/audio_library/presentation/viewmodels/audio_library_viewmodel.dart", "Dart", 306, 0, 0, 0, 0, 0, 0, 0, 0, 0, 6, 16, 328
"/Users/omarragab/Projects/kutub_fm/lib/features/audio_player/domain/entities/audio_story.dart", "Dart", 4, 0, 0, 0, 0, 0, 0, 0, 0, 0, 0, 0, 4
"/Users/omarragab/Projects/kutub_fm/lib/features/audio_player/presentation/pages/audio_player_screen.dart", "Dart", 448, 0, 0, 0, 0, 0, 0, 0, 0, 0, 15, -1, 462
"/Users/omarragab/Projects/kutub_fm/lib/features/audio_player/presentation/widgets/floating_book_cover.dart", "Dart", 2, 0, 0, 0, 0, 0, 0, 0, 0, 0, 0, 0, 2
"/Users/omarragab/Projects/kutub_fm/lib/features/audio_player/presentation/widgets/rich_transcript_view.dart", "Dart", -3, 0, 0, 0, 0, 0, 0, 0, 0, 0, 0, 0, -3
"/Users/omarragab/Projects/kutub_fm/lib/features/auth/PHONE_AUTH_SETUP_NOTES.md", "Markdown", 0, 0, 0, 0, 0, 0, 0, 0, 56, 0, 0, 22, 78
"/Users/omarragab/Projects/kutub_fm/lib/features/auth/data/models/app_user_model.dart", "Dart", 146, 0, 0, 0, 0, 0, 0, 0, 0, 0, 0, 7, 153
"/Users/omarragab/Projects/kutub_fm/lib/features/auth/data/services/firebase_auth_service.dart", "Dart", 110, 0, 0, 0, 0, 0, 0, 0, 0, 0, 0, 22, 132
"/Users/omarragab/Projects/kutub_fm/lib/features/auth/data/services/firebase_storage_service.dart", "Dart", 26, 0, 0, 0, 0, 0, 0, 0, 0, 0, 0, 7, 33
"/Users/omarragab/Projects/kutub_fm/lib/features/auth/data/services/user_firestore_service.dart", "Dart", 56, 0, 0, 0, 0, 0, 0, 0, 0, 0, 3, 7, 66
"/Users/omarragab/Projects/kutub_fm/lib/features/auth/presentation/facebook_login_screen.dart", "Dart", 232, 0, 0, 0, 0, 0, 0, 0, 0, 0, 0, 31, 263
"/Users/omarragab/Projects/kutub_fm/lib/features/auth/presentation/pages/category_selection_screen.dart", "Dart", 112, 0, 0, 0, 0, 0, 0, 0, 0, 0, -10, 16, 118
"/Users/omarragab/Projects/kutub_fm/lib/features/auth/presentation/pages/login/login_page.dart", "Dart", 79, 0, 0, 0, 0, 0, 0, 0, 0, 0, 0, 13, 92
"/Users/omarragab/Projects/kutub_fm/lib/features/auth/presentation/pages/login/login_screen_controller.dart", "Dart", 145, 0, 0, 0, 0, 0, 0, 0, 0, 0, 2, 28, 175
"/Users/omarragab/Projects/kutub_fm/lib/features/auth/presentation/pages/login/widgets/login_buttons.dart", "Dart", 40, 0, 0, 0, 0, 0, 0, 0, 0, 0, 0, 4, 44
"/Users/omarragab/Projects/kutub_fm/lib/features/auth/presentation/pages/login/widgets/login_email_field.dart", "Dart", 18, 0, 0, 0, 0, 0, 0, 0, 0, 0, 0, 5, 23
"/Users/omarragab/Projects/kutub_fm/lib/features/auth/presentation/pages/login/widgets/login_footer.dart", "Dart", 27, 0, 0, 0, 0, 0, 0, 0, 0, 0, 0, 4, 31
"/Users/omarragab/Projects/kutub_fm/lib/features/auth/presentation/pages/login/widgets/login_form.dart", "Dart", 73, 0, 0, 0, 0, 0, 0, 0, 0, 0, 0, 5, 78
"/Users/omarragab/Projects/kutub_fm/lib/features/auth/presentation/pages/login/widgets/login_header.dart", "Dart", 28, 0, 0, 0, 0, 0, 0, 0, 0, 0, 0, 3, 31
"/Users/omarragab/Projects/kutub_fm/lib/features/auth/presentation/pages/login/widgets/login_password_field.dart", "Dart", 33, 0, 0, 0, 0, 0, 0, 0, 0, 0, 0, 5, 38
"/Users/omarragab/Projects/kutub_fm/lib/features/auth/presentation/pages/login/widgets/login_reset_password_button.dart", "Dart", 20, 0, 0, 0, 0, 0, 0, 0, 0, 0, 0, 4, 24
"/Users/omarragab/Projects/kutub_fm/lib/features/auth/presentation/pages/login/widgets/login_text_field.dart", "Dart", 50, 0, 0, 0, 0, 0, 0, 0, 0, 0, 0, 4, 54
"/Users/omarragab/Projects/kutub_fm/lib/features/auth/presentation/pages/login_screen.dart", "Dart", -389, 0, 0, 0, 0, 0, 0, 0, 0, 0, -9, -19, -417
"/Users/omarragab/Projects/kutub_fm/lib/features/auth/presentation/pages/register_screen.dart", "Dart", -296, 0, 0, 0, 0, 0, 0, 0, 0, 0, -10, -18, -324
"/Users/omarragab/Projects/kutub_fm/lib/features/auth/presentation/providers/auth_provider.dart", "Dart", 776, 0, 0, 0, 0, 0, 0, 0, 0, 0, 2, 87, 865
"/Users/omarragab/Projects/kutub_fm/lib/features/auth/presentation/screens/auth_success_screen.dart", "Dart", 114, 0, 0, 0, 0, 0, 0, 0, 0, 0, 3, 7, 124
"/Users/omarragab/Projects/kutub_fm/lib/features/auth/presentation/screens/email_verification_screen.dart", "Dart", 140, 0, 0, 0, 0, 0, 0, 0, 0, 0, 3, 12, 155
"/Users/omarragab/Projects/kutub_fm/lib/features/auth/presentation/screens/login_screen.dart", "Dart", 405, 0, 0, 0, 0, 0, 0, 0, 0, 0, 10, 23, 438
"/Users/omarragab/Projects/kutub_fm/lib/features/auth/presentation/screens/otp_verification_screen.dart", "Dart", 275, 0, 0, 0, 0, 0, 0, 0, 0, 0, 4, 17, 296
"/Users/omarragab/Projects/kutub_fm/lib/features/auth/presentation/screens/phone_login_screen.dart", "Dart", 232, 0, 0, 0, 0, 0, 0, 0, 0, 0, 4, 21, 257
"/Users/omarragab/Projects/kutub_fm/lib/features/auth/presentation/screens/profile_setup_screen.dart", "Dart", 359, 0, 0, 0, 0, 0, 0, 0, 0, 0, 11, 19, 389
"/Users/omarragab/Projects/kutub_fm/lib/features/auth/presentation/screens/register_screen.dart", "Dart", 381, 0, 0, 0, 0, 0, 0, 0, 0, 0, 9, 21, 411
"/Users/omarragab/Projects/kutub_fm/lib/features/auth/presentation/widgets/auth_background.dart", "Dart", 70, 0, 0, 0, 0, 0, 0, 0, 0, 0, 2, 4, 76
"/Users/omarragab/Projects/kutub_fm/lib/features/auth/utils/auth_helpers.dart", "Dart", 59, 0, 0, 0, 0, 0, 0, 0, 0, 0, 0, 6, 65
"/Users/omarragab/Projects/kutub_fm/lib/features/book_details/data/repositories/book_details_repository_impl.dart", "Dart", 50, 0, 0, 0, 0, 0, 0, 0, 0, 0, 2, 10, 62
"/Users/omarragab/Projects/kutub_fm/lib/features/book_details/domain/entities/book_detail_model.dart", "Dart", 249, 0, 0, 0, 0, 0, 0, 0, 0, 0, 0, 22, 271
"/Users/omarragab/Projects/kutub_fm/lib/features/book_details/domain/repositories/book_details_repository.dart", "Dart", 4, 0, 0, 0, 0, 0, 0, 0, 0, 0, 0, 2, 6
"/Users/omarragab/Projects/kutub_fm/lib/features/book_details/presentation/pages/book_details_page.dart", "Dart", 144, 0, 0, 0, 0, 0, 0, 0, 0, 0, -32, -22, 90
"/Users/omarragab/Projects/kutub_fm/lib/features/book_details/presentation/pages/creator_details_page.dart", "Dart", 499, 0, 0, 0, 0, 0, 0, 0, 0, 0, 11, 24, 534
"/Users/omarragab/Projects/kutub_fm/lib/features/book_details/presentation/viewmodels/book_details_view_model.dart", "Dart", 55, 0, 0, 0, 0, 0, 0, 0, 0, 0, -2, 2, 55
"/Users/omarragab/Projects/kutub_fm/lib/features/book_reader/data/models/transcript_segment.dart", "Dart", 36, 0, 0, 0, 0, 0, 0, 0, 0, 0, 0, 7, 43
"/Users/omarragab/Projects/kutub_fm/lib/features/book_reader/data/services/pdf_extraction_service.dart", "Dart", 27, 0, 0, 0, 0, 0, 0, 0, 0, 0, 10, 3, 40
"/Users/omarragab/Projects/kutub_fm/lib/features/book_reader/data/services/pdf_text_api_service.dart", "Dart", 125, 0, 0, 0, 0, 0, 0, 0, 0, 0, 21, 20, 166
"/Users/omarragab/Projects/kutub_fm/lib/features/book_reader/data/services/transcription_api_service.dart", "Dart", 177, 0, 0, 0, 0, 0, 0, 0, 0, 0, 10, 26, 213
"/Users/omarragab/Projects/kutub_fm/lib/features/book_reader/presentation/pages/book_reader_screen.dart", "Dart", 122, 0, 0, 0, 0, 0, 0, 0, 0, 0, -30, -34, 58
"/Users/omarragab/Projects/kutub_fm/lib/features/book_reader/presentation/utils/transcript_text_helper.dart", "Dart", -5, 0, 0, 0, 0, 0, 0, 0, 0, 0, -1, -1, -7
"/Users/omarragab/Projects/kutub_fm/lib/features/book_reader/presentation/widgets/interactive_text_paragraph.dart", "Dart", -1, 0, 0, 0, 0, 0, 0, 0, 0, 0, 0, 0, -1
"/Users/omarragab/Projects/kutub_fm/lib/features/community/presentation/pages/community_screen.dart", "Dart", 494, 0, 0, 0, 0, 0, 0, 0, 0, 0, 5, 15, 514
"/Users/omarragab/Projects/kutub_fm/lib/features/community/presentation/pages/post_details_screen.dart", "Dart", 502, 0, 0, 0, 0, 0, 0, 0, 0, 0, 5, 15, 522
"/Users/omarragab/Projects/kutub_fm/lib/features/home/data/repositories/home_repository_impl.dart", "Dart", 197, 0, 0, 0, 0, 0, 0, 0, 0, 0, -1, 23, 219
"/Users/omarragab/Projects/kutub_fm/lib/features/home/domain/entities/book_collection_entity.dart", "Dart", 12, 0, 0, 0, 0, 0, 0, 0, 0, 0, 0, 2, 14
"/Users/omarragab/Projects/kutub_fm/lib/features/home/domain/entities/book_entity.dart", "Dart", 6, 0, 0, 0, 0, 0, 0, 0, 0, 0, 0, 1, 7
"/Users/omarragab/Projects/kutub_fm/lib/features/home/domain/repositories/home_repository.dart", "Dart", 2, 0, 0, 0, 0, 0, 0, 0, 0, 0, 0, 1, 3
"/Users/omarragab/Projects/kutub_fm/lib/features/home/presentation/pages/best_this_month_screen.dart", "Dart", 183, 0, 0, 0, 0, 0, 0, 0, 0, 0, 7, 10, 200
"/Users/omarragab/Projects/kutub_fm/lib/features/home/presentation/pages/book_world_screen.dart", "Dart", 642, 0, 0, 0, 0, 0, 0, 0, 0, 0, 19, 32, 693
"/Users/omarragab/Projects/kutub_fm/lib/features/home/presentation/pages/collection_details_screen.dart", "Dart", 306, 0, 0, 0, 0, 0, 0, 0, 0, 0, 7, 17, 330
"/Users/omarragab/Projects/kutub_fm/lib/features/home/presentation/pages/home_screen.dart", "Dart", 613, 0, 0, 0, 0, 0, 0, 0, 0, 0, 17, 27, 657
"/Users/omarragab/Projects/kutub_fm/lib/features/home/presentation/pages/main_screen.dart", "Dart", -84, 0, 0, 0, 0, 0, 0, 0, 0, 0, 0, 0, -84
"/Users/omarragab/Projects/kutub_fm/lib/features/home/presentation/pages/special_collections_screen.dart", "Dart", 357, 0, 0, 0, 0, 0, 0, 0, 0, 0, 7, 14, 378
"/Users/omarragab/Projects/kutub_fm/lib/features/home/presentation/viewmodels/home_view_model.dart", "Dart", 5, 0, 0, 0, 0, 0, 0, 0, 0, 0, 0, 1, 6
"/Users/omarragab/Projects/kutub_fm/lib/features/onboarding/presentation/pages/onboarding_discover_screen.dart", "Dart", -261, 0, 0, 0, 0, 0, 0, 0, 0, 0, -12, -17, -290
"/Users/omarragab/Projects/kutub_fm/lib/features/podcast/domain/entities/podcast_episode.dart", "Dart", 4, 0, 0, 0, 0, 0, 0, 0, 0, 0, 0, 1, 5
"/Users/omarragab/Projects/kutub_fm/lib/features/podcast/presentation/pages/podcast_detail_page.dart", "Dart", 296, 0, 0, 0, 0, 0, 0, 0, 0, 0, 14, 16, 326
"/Users/omarragab/Projects/kutub_fm/lib/features/podcast/presentation/pages/podcast_list_page.dart", "Dart", 362, 0, 0, 0, 0, 0, 0, 0, 0, 0, 14, 10, 386
"/Users/omarragab/Projects/kutub_fm/lib/features/podcast/presentation/providers/podcast_provider.dart", "Dart", 96, 0, 0, 0, 0, 0, 0, 0, 0, 0, 3, 10, 109
"/Users/omarragab/Projects/kutub_fm/lib/features/podcast/presentation/widgets/podcast_card.dart", "Dart", -21, 0, 0, 0, 0, 0, 0, 0, 0, 0, 0, 0, -21
"/Users/omarragab/Projects/kutub_fm/lib/features/profile/data/repositories/profile_repository.dart", "Dart", 103, 0, 0, 0, 0, 0, 0, 0, 0, 0, -4, 13, 112
"/Users/omarragab/Projects/kutub_fm/lib/features/profile/domain/entities/user_profile.dart", "Dart", 43, 0, 0, 0, 0, 0, 0, 0, 0, 0, 1, 4, 48
"/Users/omarragab/Projects/kutub_fm/lib/features/profile/presentation/pages/edit_profile_screen.dart", "Dart", 26, 0, 0, 0, 0, 0, 0, 0, 0, 0, -3, 1, 24
"/Users/omarragab/Projects/kutub_fm/lib/features/profile/presentation/pages/profile_screen.dart", "Dart", 842, 0, 0, 0, 0, 0, 0, 0, 0, 0, -5, -8, 829
"/Users/omarragab/Projects/kutub_fm/lib/features/profile/presentation/pages/settings_screen.dart", "Dart", 3, 0, 0, 0, 0, 0, 0, 0, 0, 0, 0, 0, 3
"/Users/omarragab/Projects/kutub_fm/lib/features/profile/presentation/viewmodels/profile_viewmodel.dart", "Dart", 108, 0, 0, 0, 0, 0, 0, 0, 0, 0, 1, 2, 111
"/Users/omarragab/Projects/kutub_fm/lib/features/profile/presentation/widgets/profile_widgets.dart", "Dart", 9, 0, 0, 0, 0, 0, 0, 0, 0, 0, 0, 1, 10
"/Users/omarragab/Projects/kutub_fm/lib/features/radio/data/datasources/firebase_fm_radio_data_source.dart", "Dart", 106, 0, 0, 0, 0, 0, 0, 0, 0, 0, 0, 21, 127
"/Users/omarragab/Projects/kutub_fm/lib/features/radio/data/models/fm_station_model.dart", "Dart", 202, 0, 0, 0, 0, 0, 0, 0, 0, 0, 0, 19, 221
"/Users/omarragab/Projects/kutub_fm/lib/features/radio/data/radio_browser_service.dart", "Dart", -46, 0, 0, 0, 0, 0, 0, 0, 0, 0, -5, -7, -58
"/Users/omarragab/Projects/kutub_fm/lib/features/radio/data/repositories/fm_radio_repository_impl.dart", "Dart", 27, 0, 0, 0, 0, 0, 0, 0, 0, 0, 0, 7, 34
"/Users/omarragab/Projects/kutub_fm/lib/features/radio/domain/fm_station.dart", "Dart", -16, 0, 0, 0, 0, 0, 0, 0, 0, 0, 0, -2, -18
"/Users/omarragab/Projects/kutub_fm/lib/features/radio/domain/repositories/fm_radio_repository.dart", "Dart", 4, 0, 0, 0, 0, 0, 0, 0, 0, 0, 0, 2, 6
"/Users/omarragab/Projects/kutub_fm/lib/features/radio/presentation/pages/fm_radio_screen.dart", "Dart", 331, 0, 0, 0, 0, 0, 0, 0, 0, 0, 19, 5, 355
"/Users/omarragab/Projects/kutub_fm/lib/features/radio/presentation/pages/fm_station_detail_screen.dart", "Dart", -140, 0, 0, 0, 0, 0, 0, 0, 0, 0, 12, -9, -137
"/Users/omarragab/Projects/kutub_fm/lib/features/radio/presentation/provider/fm_radio_provider.dart", "Dart", -97, 0, 0, 0, 0, 0, 0, 0, 0, 0, 0, -18, -115
"/Users/omarragab/Projects/kutub_fm/lib/features/radio/presentation/viewmodels/fm_radio_view_model.dart", "Dart", 119, 0, 0, 0, 0, 0, 0, 0, 0, 0, 0, 25, 144
"/Users/omarragab/Projects/kutub_fm/lib/features/reader_sessions/presentation/pages/reader_post_detail_screen.dart", "Dart", 41, 0, 0, 0, 0, 0, 0, 0, 0, 0, 0, 0, 41
"/Users/omarragab/Projects/kutub_fm/lib/features/reader_sessions/presentation/pages/reader_sessions_screen.dart", "Dart", 1, 0, 0, 0, 0, 0, 0, 0, 0, 0, 3, -6, -2
"/Users/omarragab/Projects/kutub_fm/lib/features/reader_sessions/presentation/providers/reader_sessions_provider.dart", "Dart", 243, 0, 0, 0, 0, 0, 0, 0, 0, 0, 8, 28, 279
"/Users/omarragab/Projects/kutub_fm/lib/features/reader_sessions/presentation/widgets/post_card.dart", "Dart", 81, 0, 0, 0, 0, 0, 0, 0, 0, 0, 4, 1, 86
"/Users/omarragab/Projects/kutub_fm/lib/features/reels/data/services/reel_api_service.dart", "Dart", 139, 0, 0, 0, 0, 0, 0, 0, 0, 0, 10, 22, 171
"/Users/omarragab/Projects/kutub_fm/lib/features/reels/domain/entities/reel_model.dart", "Dart", 13, 0, 0, 0, 0, 0, 0, 0, 0, 0, 0, 2, 15
"/Users/omarragab/Projects/kutub_fm/lib/features/reels/presentation/pages/reel_preview_page.dart", "Dart", 797, 0, 0, 0, 0, 0, 0, 0, 0, 0, 19, 52, 868
"/Users/omarragab/Projects/kutub_fm/lib/features/reels/presentation/pages/reels_feed_page.dart", "Dart", 120, 0, 0, 0, 0, 0, 0, 0, 0, 0, 0, 9, 129
"/Users/omarragab/Projects/kutub_fm/lib/features/reels/presentation/viewmodels/reels_view_model.dart", "Dart", 193, 0, 0, 0, 0, 0, 0, 0, 0, 0, 16, 37, 246
"/Users/omarragab/Projects/kutub_fm/lib/features/reels/presentation/widgets/reel_item_widget.dart", "Dart", 482, 0, 0, 0, 0, 0, 0, 0, 0, 0, 6, 42, 530
"/Users/omarragab/Projects/kutub_fm/lib/features/reels/presentation/widgets/waveform_widget.dart", "Dart", 2, 0, 0, 0, 0, 0, 0, 0, 0, 0, 0, 1, 3
"/Users/omarragab/Projects/kutub_fm/lib/features/search/presentation/pages/search_screen.dart", "Dart", 599, 0, 0, 0, 0, 0, 0, 0, 0, 0, 14, 26, 639
"/Users/omarragab/Projects/kutub_fm/lib/features/search/presentation/viewmodels/search_view_model.dart", "Dart", 96, 0, 0, 0, 0, 0, 0, 0, 0, 0, 3, 23, 122
"/Users/omarragab/Projects/kutub_fm/lib/features/splash/presentation/pages/splash_screen.dart", "Dart", -11, 0, 0, 0, 0, 0, 0, 0, 0, 0, -5, 3, -13
"/Users/omarragab/Projects/kutub_fm/lib/features/subscription/presentation/screens/credit_card_payment_screen.dart", "Dart", -1, 0, 0, 0, 0, 0, 0, 0, 0, 0, 0, 0, -1
"/Users/omarragab/Projects/kutub_fm/lib/features/subscription/presentation/screens/payment_method_screen.dart", "Dart", -1, 0, 0, 0, 0, 0, 0, 0, 0, 0, 0, 0, -1
"/Users/omarragab/Projects/kutub_fm/lib/features/subscription/presentation/screens/payment_success_screen.dart", "Dart", -1, 0, 0, 0, 0, 0, 0, 0, 0, 0, 0, -1, -2
"/Users/omarragab/Projects/kutub_fm/lib/features/subscription/presentation/screens/subscription_screen.dart", "Dart", -1, 0, 0, 0, 0, 0, 0, 0, 0, 0, 0, 0, -1
"/Users/omarragab/Projects/kutub_fm/lib/features/subscription/presentation/screens/wallet_payment_screen.dart", "Dart", -1, 0, 0, 0, 0, 0, 0, 0, 0, 0, 0, 0, -1
"/Users/omarragab/Projects/kutub_fm/lib/features/subscription/presentation/widgets/credit_card_preview.dart", "Dart", -1, 0, 0, 0, 0, 0, 0, 0, 0, 0, 0, -1, -2
"/Users/omarragab/Projects/kutub_fm/lib/features/subscription/presentation/widgets/payment_method_card.dart", "Dart", -1, 0, 0, 0, 0, 0, 0, 0, 0, 0, 0, 0, -1
"/Users/omarragab/Projects/kutub_fm/lib/features/subscription/presentation/widgets/subscription_card.dart", "Dart", -1, 0, 0, 0, 0, 0, 0, 0, 0, 0, 0, -1, -2
"/Users/omarragab/Projects/kutub_fm/lib/features/subscription/presentation/widgets/wallet_provider_selector.dart", "Dart", -1, 0, 0, 0, 0, 0, 0, 0, 0, 0, 0, 0, -1
"/Users/omarragab/Projects/kutub_fm/lib/firebase_options.dart", "Dart", 74, 0, 0, 0, 0, 0, 0, 0, 0, 0, 12, 7, 93
"/Users/omarragab/Projects/kutub_fm/lib/main.dart", "Dart", 13, 0, 0, 0, 0, 0, 0, 0, 0, 0, -1, 0, 12
"/Users/omarragab/Projects/kutub_fm/linux/flutter/generated_plugin_registrant.cc", "C++", 0, 0, 0, 0, 0, 8, 0, 0, 0, 0, 0, 0, 8
"/Users/omarragab/Projects/kutub_fm/linux/runner/my_application.h", "C++", 0, 0, 0, 0, 0, -7, 0, 0, 0, 0, 7, 0, 0
"/Users/omarragab/Projects/kutub_fm/macos/Flutter/GeneratedPluginRegistrant.swift", "Swift", 0, 0, 0, 0, 0, 0, 0, 22, 0, 0, 0, 0, 22
"/Users/omarragab/Projects/kutub_fm/pubspec.yaml", "YAML", 0, 0, 0, 0, 51, 0, 0, 0, 0, 0, 0, 2, 53
"/Users/omarragab/Projects/kutub_fm/stitch_downloads/authentication_register.html", "HTML", 0, 0, 0, -12, 0, 0, 0, 0, 0, 0, 12, 0, 0
"/Users/omarragab/Projects/kutub_fm/stitch_downloads/category_selection.html", "HTML", 0, 0, 0, -19, 0, 0, 0, 0, 0, 0, 19, 0, 0
"/Users/omarragab/Projects/kutub_fm/stitch_downloads/home_hub.html", "HTML", 0, 0, 0, -16, 0, 0, 0, 0, 0, 0, 16, 0, 0
"/Users/omarragab/Projects/kutub_fm/stitch_downloads/onboarding_discover.html", "HTML", 0, 0, 0, -13, 0, 0, 0, 0, 0, 0, 13, 0, 0
"/Users/omarragab/Projects/kutub_fm/stitch_downloads/splash_screen.html", "HTML", 0, 0, 0, -15, 0, 0, 0, 0, 0, 0, 15, 0, 0
"/Users/omarragab/Projects/kutub_fm/test/widget_test.dart", "Dart", 13, 0, 0, 0, 0, 0, 0, 0, 0, 0, 0, 0, 13
"/Users/omarragab/Projects/kutub_fm/test_layout.dart", "Dart", 0, 0, 0, 0, 0, 0, 0, 0, 0, 0, 1, 1, 2
"/Users/omarragab/Projects/kutub_fm/web/index.html", "HTML", 0, 0, 0, -19, 0, 0, 0, 0, 0, 0, 23, -4, 0
"/Users/omarragab/Projects/kutub_fm/windows/flutter/generated_plugin_registrant.cc", "C++", 0, 0, 0, 0, 0, 24, 0, 0, 0, 0, 0, 0, 24
"Total", "-", 15743, 50, -26, 454, 51, 25, -9, 26, 130, -79, 437, 1243, 18045